{
	"$schema": "https://schemas.wp.org/trunk/theme.json",
	"version": 2,
	"title": "Marigold",
	"settings": {
		"color": {
			"palette": [
				{
					"color": "#F6F2EC",
					"name": "Base",
					"slug": "base"
				},
				{
					"color": "#21251F",
					"name": "Contrast",
					"slug": "contrast"
				},
				{
					"color": "#5B4460",
					"name": "Primary",
					"slug": "primary"
				},
				{
					"color": "#FCC263",
					"name": "Secondary",
					"slug": "secondary"
				},
				{
					"color": "#E7A1A9",
					"name": "Tertiary",
					"slug": "tertiary"
				}
			]
		},
		"layout": {
			"wideSize": "1200px"
		}
  },
  "styles": {
		"blocks": {
			"core/comment-author-name": {
				"elements": {
					"link": {
						":active": {
							"color": {
								"text": "var(--wp--preset--color--primary)"
							}
						}
					}
				}
			},
			"core/query": {
				"spacing": {
					"padding": {
						"left": "0",
						"right": "0"
					}
				}
			},
			"core/post-content": {
				"elements": {
					"link": {
						"color": {
							"text": "var(--wp--preset--color--primary)"
						}
					}
				}
			},
			"core/post-excerpt": {
				"typography": {
					"fontSize": "var(--wp--preset--font-size--normal)"
				}
			},
			"core/post-title": {
				"elements": {
					"link": {
						"typography": {
							"fontSize": "var(--wp--preset--font-size--large)",
							"textDecoration": "none"
						},
						"color": {
							"text": "var(--wp--preset--color--primary)"
						}
					}
				},
				"spacing": {
					"margin": {
						"bottom": "var(--wp--preset--spacing--50)",
						"top": "var(--wp--preset--spacing--50)"
					}
				},
				"typography": {
					"fontWeight": "600"
				}
			},
			"core/pullquote": {
				"border": {
					"width": "1px 0"
				}
			},
			"core/query-pagination": {
				"elements": {
					"link": {
						"typography": {
							"textDecoration": "none"
						}
					}
				},
				"typography": {
					"fontSize": "var(--wp--preset--font-size--small)",
					"fontWeight": "400"
				}
			},
			"core/quote": {
				"elements": {
					"cite": {
						"typography": {
							"fontSize": "1.25rem"
						}
					}
				},
				"typography": {
					"fontSize": "1.625rem",
					"lineHeight": "1.5"
				}
			},
			"core/site-title": {
				"elements": {
					"link": {
						"typography": {
							"fontSize": "var(--wp--preset--font-size--normal)"
						}
					}
				},
				"typography": {
					"textTransform": "lowercase"
				}
			}
		},
		"elements": {
			"h1": {
				"typography": {
					"fontSize": "var(--wp--preset--font-size--huge)",
					"lineHeight": "1.1"
				}
			},
			"h2": {
				"typography": {
					"fontSize": "var(--wp--preset--font-size--xx-large)",
					"lineHeight": "1.2"
				}
			},
			"h3": {
				"typography": {
					"fontSize": "var(--wp--preset--font-size--x-large)",
					"lineHeight": "1.2"
				}
			},
			"h4": {
				"typography": {
					"fontSize": "var(--wp--preset--font-size--large)",
					"fontWeight": "600"
				}
			},
			"h5": {
				"typography": {
					"fontStyle": "normal",
					"fontWeight": "600",
					"textTransform": "none"
				}
			},
			"h6": {
				"typography": {
					"fontSize": "var(--wp--preset--font-size--normal)",
					"fontStyle": "normal",
					"fontWeight": "600"
				}
			},
			"heading": {
				"typography": {
					"fontStyle": "italic"
				}
			},
			"link": {
				":active": {
					"color": {
						"text": "var(--wp--preset--color--primary)"
					}
				},
				":hover": {
					"typography": {
						"textDecoration": "none"
					}
				}
			},
			"button": {
				"border": {
					"radius": "50px"
				},
				"color": {
					"background": "var(--wp--preset--color--secondary)"
				},
				"typography": {
					"fontSize": "var(--wp--preset--font-size--normal)"
				},
				":hover": {
					"color": {
						"background": "var(--wp--preset--color--tertiary)",
						"text": "var(--wp--preset--color--contrast)"
					}
				},
				":focus": {
					"color": {
						"background": "var(--wp--preset--color--primary)"
					}
				},
				":active": {
					"color": {
						"background": "var(--wp--preset--color--primary)"
					}
				}
			}
		},
		"spacing": {
			"blockGap": "2.5rem",
			"padding": {
				"bottom": "var(--wp--preset--spacing--50)",
				"left": "var(--wp--preset--spacing--40)",
				"right": "var(--wp--preset--spacing--40)",
				"top": "var(--wp--preset--spacing--50)"
			}
		},
		"typography": {
			"_fontfamily": "var(--wp--preset--font-family--source-serif-pro)",
			"fontSize": "var(--wp--preset--font-size--normal)",
			"lineHeight": "1.5"
		}
	}
}
